WKT,Dependencia,Organismo,Nombre,Dirección,Partido,Teléfono,Representa
"POINT (-57.83954635 -38.26683214)",Comisaría de la mujer,Ministerio de Seguridad,CRIA.MUJER Y FLIA.MIRAMAR,CALLE 17 N° 1630 E/ CALLE 32 Y CALLE 34,General Alvarado,2291420611,SUBCOMISARIO BETTILI MARCELO OSCAR
"POINT (-58.14715291 -36.00060202)",Comisaría de la mujer,Ministerio de Seguridad,CRIA.MUJER Y FLIA.PILA,CALLE 4 E/ CALLE 17 Y CALLE 19,Pila,02242-498422,SUBCOMISARIO TAVERNA MAXIMILIANO ALEXIS
"POINT (-58.62093079 -34.65426887)",Comisaría de la mujer,Ministerio de Seguridad,CRIA.MUJER Y FLIA.MORON,GARCIA SILVA ESQ. MANUEL BELGRANO,Morón,1146296150/1146296171,SUBCOMISARIO RIVAS PATRICIA KAREN
"POINT (-58.62251508 -34.5654736)",Comisaría de la mujer,Ministerio de Seguridad,CRIA.MUJER Y FLIA.3 DE FEBRERO,TOLEDO ESQ. JUAN D PERON,Tres de Febrero,011 45061941/ 45061525,SUBCOMISARIO MARTINEZ MARIA SOLEDAD
"POINT (-58.80700655 -35.43327241)",Comisaría de la mujer,Ministerio de Seguridad,CRIA.MUJER Y FLIA.S.M.D.MONTE,ITALIA E/ 25 DE MAYO Y SAENZ PENA,Monte,02271-409300,SUBCOMISARIO ZABALA MARISA FANNY
"POINT (-59.43259362 -34.65178368)",Comisaría de la mujer,Ministerio de Seguridad,CRIA.MUJER Y FLIA.MERCEDES,CALLE 29 E/ CALLE 34 Y CALLE 35,Mercedes,02324 421882,COMISARIO ZUNINO MARIA SOLEDAD
"POINT (-59.44818828 -34.44869399)",Comisaría de la mujer,Ministerio de Seguridad,CRIA.MUJER Y FLIA.S.A.DE GILES,25 DE MAYO 860,San Andrés de Giles,02325 440188,SUBCOMISARIO BARRIONUEVO MONICA SILVANA
"POINT (-57.78485974 -36.6274557)",Comisaría de la mujer,Ministerio de Seguridad,CRIA.MUJER Y FLIA.GRAL.GUIDO,HIPOLITO YRIGOYEN E/ 12 DE OCTUBRE Y SARMIENTO,General Guido,,SUBCOMISARIO MOLTENI MARTA SILVINA
"POINT (-58.49978231 -35.76574869)",Comisaría de la mujer,Ministerio de Seguridad,CRIA.MUJER Y FLIA.G.BELGRANO,VICENTE LOPEZ Y LAPRIDA,Gral. Belgrano,02243 454509,OFICIAL PRINCIPAL GONZALEZ VALERIA DEL MAR
"POINT (-58.728965 -34.508952)",Comisaría de la mujer,Ministerio de Seguridad,CRIA.MUJER Y FLIA.MALVINAS ARG,RUTA 8 Y RUTA 197 (24),José C. Paz,2320423193,SUBCOMISARIO SOSA ROXANA KARINA
"POINT (-58.74834004 -34.56140567)",Comisaría de la mujer,Ministerio de Seguridad,CRIA.MUJER Y FLIA.SAN MIGUEL,EL ZONDA 2484,San Miguel,011 4455 0371,SUBCOMISARIO VERON MARIA DE LOS ANGELES
"POINT (-59.10399394 -35.18418153)",Comisaría de la mujer,Ministerio de Seguridad,CRIA.MUJER Y FLIA.LOBOS,SAN PEDRO Y SUIPACHA,Lobos,02227-421019,
"POINT (-59.99979475 -34.91381378)",Comisaría de la mujer,Ministerio de Seguridad,CRIA.MUJER Y FLIA.CHIVILCOY,MITRE Y 110,Chivilcoy,02346 435786,SUBCOMISARIO ALTUNA MARIA DE LOS ANGELES
"POINT (-60.46495008 -34.64236865)",Comisaría de la mujer,Ministerio de Seguridad,CRIA.MUJER Y FLIA.CHACABUCO,SAN JUAN 25,Chacabuco,02352 428471,COMISARIO MONTES DANIELA CECILIA
"POINT (-60.51222537 -35.11073381)",Comisaría de la mujer,Ministerio de Seguridad,CRIA.MUJER Y FLIA.BRAGADO,LEONETTI  221,Bragado,02342-427082,SUBCOMISARIO GARCIA MIRIAN ETEL
"POINT (-60.7966949 -37.54535398)",Comisaría de la mujer,Ministerio de Seguridad,CRIA.MUJER Y FLIA.LAPRIDA,PEDRO PEREYRA 1300,Laprida,02285 420999,SUBCOMISARIO PERALTA CARLOS ANDRES
"POINT (-60.87741586 -35.44710865)",Comisaría de la mujer,Ministerio de Seguridad,CRIA.MUJER Y FLIA.9 DE JULIO,EDISON Y TUCUMAN,Nueve de Julio,02317-428657,SUBCOMISARIO MACCARINO RUBEN EMMANUEL
"POINT (-61.26580667 -37.25282776)",Comisaría de la mujer,Ministerio de Seguridad,CRIA.MUJER Y FLIA.G.LAMADRID,SAN MARTIN 519,General La Madrid,02286 420215,COMISARIO GUAZA CARLA MARIEL
"POINT (-61.35473965 -37.98920676)",Comisaría de la mujer,Ministerio de Seguridad,CRIA.MUJER Y FLIA.CNEL.PRINGLE,ALEM 845,Coronel Pringles,02922-463390,SUBCOMISARIO PONCE MARIA ORFELIA
"POINT (-61.89101387 -34.76581353)",Comisaría de la mujer,Ministerio de Seguridad,CRIA.MUJER Y FLIA.GRAL.PINTO,MITRE 402,General Pinto,2356420013,
"POINT (-56.68731495 -36.73106962)",Comisaría de la mujer,Ministerio de Seguridad,CRIA.MUJER Y FLIA.DE LA COSTA,SACCONI Y CHASCOMUS,La Costa,02257 604870,SUBCOMISARIO VIZGARRA GABRIELA SILVANA
"POINT (-56.73335687 -36.71446319)",Comisaría de la mujer,Ministerio de Seguridad,CRIA.MUJER Y FLIA.GRAL.LAVALLE,CAMPORA (2944) E/ GALO Y VENUS,General Lavalle,02257-604605,SUBCOMISARIO NAVARRO IRIS LORENA
"POINT (-56.87936415 -37.1300054)",Comisaría de la mujer,Ministerio de Seguridad,CRIA.MUJER Y FLIA.PINAMAR,TERESA DE CALCUTA Y PICHINCHA,Pinamar,02254 517414/15,SUBCOMISARIO MARTINEZ LORENA VANESA
"POINT (-56.9787744 -37.25984319)",Comisaría de la mujer,Ministerio de Seguridad,CRIA.MUJER Y FLIA.VILLA GESELL,8 Y PASEO 110,Villa Gesell,02255 452989,SUBCOMISARIO ROMANO PATRICIA ALEJANDRA
"POINT (-57.13865579 -36.99836938)",Comisaría de la mujer,Ministerio de Seguridad,,MADARIAGA 122,General Madariaga,02267 550479,
"POINT (-57.32615658 -36.519481)",Comisaría de la mujer,Ministerio de Seguridad,CRIA.MUJER Y FLIA.TORDILLO,MITRE Y EVA PERON,Tordillo,,COMISARIO LINCHETTA GABRIELA CATALINA
"POINT (-57.34287116 -35.38714427)",Comisaría de la mujer,Ministerio de Seguridad,CRIA.MUJER Y FLIA.PUNTA INDIO,23 Y 34,Punta Indio,02221- 481366,SUBCOMISARIO MAMERTO SONIA JANET
"POINT (-57.50576771 -37.82010747)",Comisaría de la mujer,Ministerio de Seguridad,CRIA.MUJER Y FLIA.MAR CHIQUITA,BELGRANO 746,Mar Chiquita,0223-156150936,COMISARIO ZACCARELLO FATIMA MARIELA
"POINT (-57.57504253 -38.01596045)",Comisaría de la mujer,Ministerio de Seguridad,CRIA.MUJER Y FLIA.M.D.PLATA,JUAN B JUSTO 3649,General Pueyrredón,0223-4720804,SUBCOMISARIO LLOBET ROMINA BELEN
"POINT (-57.69649133 -36.31539591)",Comisaría de la mujer,Ministerio de Seguridad,,JUAN B SELVA 799,Dolores,2245444458,
"POINT (-57.80997241 -36.09180505)",Comisaría de la mujer,Ministerio de Seguridad,CRIA.MUJER Y FLIA.CASTELLI,MANUEL BELGRANO Y 25 DE MAYO Y CARLOS PELLEGRINI,Castelli,02245-480178,SUBCOMISARIO TELLERIA NELIDA INES
"POINT (-57.84629536 -34.87982468)",Comisaría de la mujer,Ministerio de Seguridad,CRIA.MUJER Y FLIA.BERISSO,MONTEVIDEO Y 41,Berisso,0221 4621342/4621295,SUBCOMISARIO CALDERA ROMINA ANGELICA
"POINT (-57.89639185 -35.87998965)",Comisaría de la mujer,Ministerio de Seguridad,CRIA.MUJER Y FLIA.LEZAMA,JOSE HERNANDEZ 59,Lezama,02242 432482,COMISARIO ANDRADE MARIA SOLEDAD
"POINT (-57.91074556 -34.85779139)",Comisaría de la mujer,Ministerio de Seguridad,CRIA.MUJER Y FLIA.ENSENADA,LEANDRO N ALEM 519,Ensenada,0221 4602453/2186,SUBCOMISARIO CABALLERO NORMA GRACIELA
"POINT (-57.95111556 -34.90343899)",Comisaría de la mujer,Ministerio de Seguridad,CRIA.MUJER Y FLIA.LA PLATA,1 ENTRE 42 Y 43,La Plata,0221 4231826/ 427-5373,
"POINT (-57.98439211 -35.56705144)",Comisaría de la mujer,Ministerio de Seguridad,CRIA.MUJER Y FLIA.CHASCOMUS,BALCARCE 249,Chascomús,02241 422653,SUBCOMISARIO UMPIERRE SANDRA ELIZABETH
"POINT (-58.188761 -34.764602)",Comisaría de la mujer,Ministerio de Seguridad,CRIA.MUJER Y FLIA.BERAZATEGUI,160 NRO. 2433,Berazategui,011 43951283,SUBCOMISARIO VELAUSTEGUI VERONICA BEATRIZ
"POINT (-58.23464975 -35.16557785)",Comisaría de la mujer,Ministerio de Seguridad,EST.POL.COM.BRANDSEN,LARREA 630,Brandsen,02223-442215,SUBCOMISARIO ANEAS LUCIANO FABIAN
"POINT (-58.266443 -34.777906)",Comisaría de la mujer,Ministerio de Seguridad,CRIA.MUJER Y FLIA.FCIO.VARELA,"CABRAL, SGTO. E/ STORNI Y CNO. GRAL. BELGRANO",Florencio Varela,01142757185/4275-8208,COMISARIO RECHINO MARIA ALEJANDRA
"POINT (-58.26723289 -37.84041633)",Comisaría de la mujer,Ministerio de Seguridad,CRIA.MUJER Y FLIA.BALCARCE,CASEROS E/ 13 Y 15,Balcarce,02266-431042,
"POINT (-58.300425 -34.702721)",Comisaría de la mujer,Ministerio de Seguridad,CRIA.MUJER Y FLIA.QUILMES,PILCOMAYO NRO. 68,Quilmes,011 42520033/6006,SUBCOMISARIO TRUCCO ELISABET NOEMI
"POINT (-58.37300984 -34.66025413)",Comisaría de la mujer,Ministerio de Seguridad,CRIA.MUJER Y FLIA.AVELLANEDA,COLON 167,Avellaneda,011 42220005,SUBCOMISARIO MACIEL KARINA MARTA
"POINT (-58.37651841 -34.90996576)",Comisaría de la mujer,Ministerio de Seguridad,CRIA.MUJER Y FLIA.PTE.PERON,115 E/ BRACCO Y ALEM,Presidente Perón,2224491400,SUBCOMISARIO SANCHEZ AMALIA ELIZABETH
"POINT (-58.388085 -34.820845)",Comisaría de la mujer,Ministerio de Seguridad,CRIA.MUJER Y FLIA.ALTE.BROWN,ANDRADE Y QUINTANA,Almirante Brown,1142388555,SUBCOMISARIO DIAZ VANESA ANDREA
"POINT (-58.3886108 -34.72593102)",Comisaría de la mujer,Ministerio de Seguridad,CRIA.MUJER Y FLIA.LANUS,AGUILAR 2333,Lanús,011 42479957,SUBCOMISARIO VENICA MILAGROS SOLEDAD
"POINT (-58.39937353 -34.77790308)",Comisaría de la mujer,Ministerio de Seguridad,CRIA.MUJER Y FLIA.L.DE ZAMORA,25 DE MAYO 348,Lomas de Zamora,1142441474,COMISARIO MERCADO MYRIAM EDITH
"POINT (-58.41898914 -35.02127471)",Comisaría de la mujer,Ministerio de Seguridad,CRIA.MUJER Y FLIA.SAN VICENTE,25 DE MAYO 333,San Vicente,02225- 426238,SUBCOMISARIO VAZQUEZ LUCIA BEATRIZ
"POINT (-58.469665 -34.811721)",Comisaría de la mujer,Ministerio de Seguridad,CRIA.MUJER Y FLIA.E.ECHEVERRIA,BENAVIDEZ NRO. 221,Esteban Echeverría,1142965650,SUBCOMISARIO ROLDAN MARINA ANDREA
"POINT (-58.481149 -34.501831)",Comisaría de la mujer,Ministerio de Seguridad,CRIA.MUJER Y FLIA.VTE.LOPEZ,ESPORA Y BORGES,Vicente López,01147902673 / 4711-7887,SUBCOMISARIO SUELDO JESSICA MAGDALENA
"POINT (-58.48619636 -37.15367316)",Comisaría de la mujer,Ministerio de Seguridad,CRIA.MUJER Y FLIA.AYACUCHO,9 DE JULIO 930,Ayacucho,02296-451941,COMISARIO CASTRO ANDREA LUCIA
"POINT (-58.502991 -34.487219)",Comisaría de la mujer,Ministerio de Seguridad,CRIA.MUJER Y FLIA.SAN ISIDRO,JUNCAL E/ SANTA FE Y TRES SARGENTOS,San Isidro,011 45122345/2443,SUBCOMISARIO LAZARA LEONOR MARGARITA
"POINT (-58.544236 -34.581918)",Comisaría de la mujer,Ministerio de Seguridad,CRIA.MUJER Y FLIA.SAN MARTIN,MITRE NRO. 4512,General San Martín,01145126712 / 45126714,OFICIAL PRINCIPAL PEÑALOSA CARLOS PEDRO JAVIER
"POINT (-58.54898201 -34.6809932)",Comisaría de la mujer,Ministerio de Seguridad,CRIA.MUJER Y FLIA.SAN JUSTO,OMBU 3720 SAN JUSTO,La Matanza,011 44845826/8387,SUBCOMISARIO FIGUEROA CRISTINA DEL VALLE
"POINT (-58.56482001 -34.89164092)",Comisaría de la mujer,Ministerio de Seguridad,CRIA.MUJER Y FLIA.UNION-EZEIZA,FARIÃ±A 37,Ezeiza,011 42343566/9332,SUBCOMISARIO BORDON ROMINA SOLEDAD
"POINT (-58.565035 -34.891271)",Comisaría de la mujer,Ministerio de Seguridad,CRIA.MUJER Y FLIA.EZEIZA,FARINA NRO. 37,Ezeiza,011 42343566/9332,COMISARIO MEDEROS MORA SILVANA RUTH
"POINT (-58.59288348 -34.74488456)",Comisaría de la mujer,Ministerio de Seguridad,CRIA.MUJER Y FLIA.LAFERRERE,ENCINA 3149 LA FERRERE,La Matanza,01146266935/6892,
"POINT (-58.62864 -34.599075)",Comisaría de la mujer,Ministerio de Seguridad,CRIA.MUJER Y FLIA.HURLINGHAM,HANDEL 1625  - HURLINGHAM,Hurlingham,011 46624200,COMISARIO LOPEZ MARCELA ADRIANA
"POINT (-58.63934 -34.456639)",Comisaría de la mujer,Ministerio de Seguridad,CRIA.MUJER Y FLIA.TIGRE,AV DE LOS CONSTITUYENTES NRO. 410,Tigre,011 47401934,SUBCOMISARIO JUAREZ VALERIA INES
"POINT (-58.65318945 -34.82429279)",Comisaría de la mujer,Ministerio de Seguridad,CRIA.MUJER Y FLIA.V.DEL PINO,MILLER 4500,La Matanza,2202497000,SUBCOMISARIO BENITEZ VERONICA ELIZABETH
"POINT (-58.66788794 -34.66188558)",Comisaría de la mujer,Ministerio de Seguridad,CRIA.MUJER Y FLIA.ITUZAINGO,24 DE OCTUBRE Y LOS POZOS,Ituzaingó,011- 46233721,SUBCOMISARIO ALBARRACIN MARTHA SILVIA
"POINT (-58.72556167 -34.67155811)",Comisaría de la mujer,Ministerio de Seguridad,CRIA.MUJER Y FLIA.MERLO,JUNCAL N° 363,Merlo,0220 4836060,SUBCOMISARIO INSAURRALDE MYRIAN MERCEDES
"POINT (-58.735374 -38.577385)",Comisaría de la mujer,Ministerio de Seguridad,CRIA.MUJER Y FLIA.NECOCHEA,24 N 4242 85 Y 86,Necochea,02262 430242,COMISARIO TIRANTE MIRIAM TERESA
"POINT (-58.762157 -34.655009)",Comisaría de la mujer,Ministerio de Seguridad,CRIA.MUJER Y FLIA.MORENO,SALVADOR M DEL CARRIL E/ MERLO Y INDEPENDENCIA,Moreno,0237 4628837,COMISARIO ZEA NORA LEONOR
"POINT (-58.7644767 -35.05111463)",Comisaría de la mujer,Ministerio de Seguridad,CRIA.MUJER Y FLIA.CAÑUELAS,LIBERTAD 1263,Cañuelas,02226 431535,COMISARIO ALVAREZ NATALIA SOLEDAD
"POINT (-58.78961695 -38.15923124)",Comisaría de la mujer,Ministerio de Seguridad,CRIA.MUJER Y FLIA.LOBERIA,LURO Y GARCIA,Lobería,02261440608/442213,SUBCOMISARIO IRIGOYEN MARIA CARLA
"POINT (-58.79074859 -34.51826361)",Comisaría de la mujer,Ministerio de Seguridad,CRIA.MUJER Y FLIA.JOSE C.PAZ,CROACIA ENTRE CHACAS Y VARELA (validar geograficamente),José C. Paz,,SUBCOMISARIO YBAÑEZ LILIA NOEMI
"POINT (-58.79709163 -34.3504211)",Comisaría de la mujer,Ministerio de Seguridad,CRIA.MUJER Y FLIA.ESCOBAR,SARMIENTO 552,Escobar,,SUBCOMISARIO TASSI CARINA LEONOR
"POINT (-58.84269122 -34.78029873)",Comisaría de la mujer,Ministerio de Seguridad,CRIA.MUJER Y FLIA.MARCOS PAZ,VIEYTES Y AGUERO,Marcos Paz,0220 4770560,SUBCOMISARIO AGUERO LETICIA SOLEDAD
"POINT (-58.84886535 -37.78814296)",Comisaría de la mujer,Ministerio de Seguridad,CRIA.MUJER Y FLIA.SAN MANUEL,RIVADAVIA 341,Lobería,"02261- 498505,",COMISARIO VILLALBA NORMA ANDREA
"POINT (-58.91330141 -34.4563125)",Comisaría de la mujer,Ministerio de Seguridad,CRIA.MUJER Y FLIA.PILAR,RIVADAVIA N° 459 E/ TUCUMAN Y LAGRAVE,Pilar,0230-4422128,SUBCOMISARIO ANDRADA VERONICA GABRIELA
"POINT (-58.92302523 -34.62251493)",Comisaría de la mujer,Ministerio de Seguridad,NULL,CABRAL Y ALMAFUERTE,General Rodríguez,(0237) 484-1521/3301/3302,
"POINT (-58.94948379 -34.92580721)",Comisaría de la mujer,Ministerio de Seguridad,CRIA.MUJER Y FLIA.G.LAS HERAS,SAN MARTIN Y GUTIERREZ,General Las Heras,,SUBCOMISARIO COSTA VALERIA ALEJANDRA
"POINT (-58.95582636 -34.17450368)",Comisaría de la mujer,Ministerio de Seguridad,CRIA.MUJER Y FLIA.CAMPANA,AMEGHINO 651,Campana,,SUBCOMISARIO ESCOBAR PATRICIA ALEJANDRA
"POINT (-59.01533718 -34.11296838)",Comisaría de la mujer,Ministerio de Seguridad,CRIA.MUJER Y FLIA.ZARATE,ANGEL PACHECO 1086,Zárate,03487-570393,SUBCOMISARIO SIMOUR VALERIA GRISELDA
"POINT (-59.08581059 -36.78128924)",Comisaría de la mujer,Ministerio de Seguridad,CRIA.MUJER Y FLIA.RAUCH,BELGRANO 272,Rauch,0249-480024 ,SUBCOMISARIO MOLINA PAMELA INES
"POINT (-59.10138813 -36.01631689)",Comisaría de la mujer,Ministerio de Seguridad,CRIA.MUJER Y FLIA.LAS FLORES,MORENO Y HAROSTEGUY,Las Flores,02244 441122,COMISARIO ANDRACA VIVIANA JUDITH
"POINT (-59.1032151 -34.29193148)",Comisaría de la mujer,Ministerio de Seguridad,NULL,HIPOLITO IRIGOYEN 628 (ENTRE ALEM Y ESTRADA),Exaltación de la Cruz,011 - 1532885683,
"POINT (-59.118117 -34.567329)",Comisaría de la mujer,Ministerio de Seguridad,CRIA.MUJER Y FLIA.LUJAN,LAS HERAS 387,Luján,2323437330,SUBCOMISARIO BOCHI MONICA ELIZABETH
"POINT (-59.13717652 -37.31554519)",Comisaría de la mujer,Ministerio de Seguridad,CRIA.MUJER Y FLIA.TANDIL,URIBURU 893,Tandil,0249 4438758/4429982,SUBCOMISARIO MAININI JULIAN ANDRES
"POINT (-59.3319039 -35.39890203)",Comisaría de la mujer,Ministerio de Seguridad,CRIA.MUJER Y FLIA.ROQUE PEREZ,ALBERDI E/ BELGRANO E YRIGOYEN,Roque Pérez,02227-492421,SUBCOMISARIO MARQUEZ MARIA LUCIANA
"POINT (-59.51159542 -33.8099356)",Comisaría de la mujer,Ministerio de Seguridad,CRIA.MUJER Y FLIA.BARADERO,GORRITI Y GALLO,Baradero,03329 480115/480756,SUBCOMISARIO SOSA MARIA VALERIA
"POINT (-59.60601008 -38.34533349)",Comisaría de la mujer,Ministerio de Seguridad,NULL,LIBERTADOR SAN MARTIN 459,San Cayetano,02983-470113,
"POINT (-59.65752404 -33.68196209)",Comisaría de la mujer,Ministerio de Seguridad,CRIA.MUJER Y FLIA.SAN PEDRO,CESAR OLIVERA 220,San Pedro,03329-422000,SUBCOMISARIO GARCIA DANIELA ALEJANDRA
"POINT (-59.68808049 -34.77126957)",Comisaría de la mujer,Ministerio de Seguridad,CRIA.MUJER Y FLIA.SUIPACHA,SAN MARTIN 279,Suipacha,02324 481574,SUBCOMISARIO BARONE IVANA ALICIA
"POINT (-59.79430453 -34.17936986)",Comisaría de la mujer,Ministerio de Seguridad,CRIA.MUJER Y FLIA.C.SARMIENTO,DAIMO BOJANICH 267,Capitán Sarmiento,2478483748,SUBCOMISARIO PERISE MARIA EVA DEL CARMEN
"POINT (-59.79847921 -35.63910508)",Comisaría de la mujer,Ministerio de Seguridad,CRIA.MUJER Y FLIA.SALADILLO,SAAVEDRA Y DELATORRE,Saladillo,02344 455003 /450019 ,SUBCOMISARIO FERNANDEZ EVANGELINA MARICEL
"POINT (-59.82224102 -34.37694127)",Comisaría de la mujer,Ministerio de Seguridad,CRIA.MUJER Y FLIA.C.DE ARECO,SAAVEDRA 727,Carmen de Areco,2273442896,SUBCOMISARIO MARTINEZ GRACIELA MATILDE
"POINT (-59.86046614 -36.78543504)",Comisaría de la mujer,Ministerio de Seguridad,CRIA.MUJER Y FLIA.AZUL,PERON 865,Azul,02281 423791,COMISARIO CUSSI VIRGINIA VERONICA
"POINT (-59.99938228 -33.48356536)",Comisaría de la mujer,Ministerio de Seguridad,CRIA.MUJER Y FLIA.RAMALLO,SANTA FE 852,Ramallo,03407-423123 ,SUBCOMISARIO URQUIAGA CAROLINA MARCELA
"POINT (-60.01005839 -36.01823447)",Comisaría de la mujer,Ministerio de Seguridad,CRIA.MUJER Y FLIA.G.ALVEAR,MILANO Y ALTHABE E ITALIA,General Alvear,02344 480028,SUBCOMISARIO ALMENDROS PATRICIA ALEJANDRA
"POINT (-60.02473856 -36.35374551)",Comisaría de la mujer,Ministerio de Seguridad,CRIA.MUJER Y FLIA.TAPALQUE,MAXIMO GOMEZ Y RIVADAVIA,Tapalqué,,SUBCOMISARIO BUSTAMANTE VERONICA JUDIT
"POINT (-60.0948734 -34.06101771)",Comisaría de la mujer,Ministerio de Seguridad,CRIA.MUJER Y FLIA.ARRECIFES,RUTA 8 Y RUTA 51,Arrecifes,02478-451073,SUBCOMISARIO ARAYA CLAUDIA DEOLINDA
"POINT (-60.09610102 -38.02877266)",Comisaría de la mujer,Ministerio de Seguridad,CRIA.MUJER Y FLIA.GLEZ.CHAVEZ,MAR DEL PLATA E/ ESPANA E ITALIA,Adolfo Gonzales Chaves,02983-482604,SUBCOMISARIO ELICECHE YANINA VERONICA YUDIT
"POINT (-60.17515657 -35.44586246)",Comisaría de la mujer,Ministerio de Seguridad,CRIA.MUJER Y FLIA.25 DE MAYO,10 Y 304,Veinticinco de Mayo,02345 464894,SUBCOMISARIO TEGGI VIVIANA MARIA
"POINT (-60.19524481 -33.34406775)",Comisaría de la mujer,Ministerio de Seguridad,CRIA.MUJER Y FLIA.SAN NICOLAS,RIVADAVIA 848,San Nicolás,3364439480,SUBCOMISARIO FERNANDEZ MARISA LILIANA
"POINT (-60.25995094 -34.29192394)",Comisaría de la mujer,Ministerio de Seguridad,CRIA.MUJER Y FLIA.SALTO,MORENO 56,Salto,02474-425429,OFICIAL INSPECTOR MERELLO ELIANA GISELA
"POINT (-60.27407816 -38.38129628)",Comisaría de la mujer,Ministerio de Seguridad,CRIA.MUJER Y FLIA.TRES ARROYOS,CHACABUCO 368,Tres Arroyos,02983 430529,SUBCOMISARIO DE FRANCESCO ALEJANDRA
"POINT (-60.28226271 -35.0302999)",Comisaría de la mujer,Ministerio de Seguridad,CRIA.MUJER Y FLIA.ALBERTI,CHACABUCO Y ALEM,Alberti,02346-470026,SUBCOMISARIO FERNANDEZ MARIA LUJAN
"POINT (-60.322121 -36.89843267)",Comisaría de la mujer,Ministerio de Seguridad,CRIA.MUJER Y FLIA.OLAVARRIA,9 DE JULIO NRO 2352,Olavarría,2284427617/2284480100,COMISARIO DITZ LUCRECIA MABEL
"POINT (-60.5738507 -33.88144483)",Comisaría de la mujer,Ministerio de Seguridad,CRIA.MUJER Y FLIA.PERGAMINO,MONTEAGUDO NRO  45 E/ ALSINA Y LAGOS,Pergamino,02477433531/425684 -fax,SUBCOMISARIO MANTEGNA MARIA ELENA
"POINT (-60.72158898 -34.19682901)",Comisaría de la mujer,Ministerio de Seguridad,CRIA.MUJER Y FLIA.ROJAS,BICENTENARIO Y SIRIA,Rojas,02474-15665579,
"POINT (-60.95068062 -34.59203176)",Comisaría de la mujer,Ministerio de Seguridad,CRIA.MUJER Y FLIA.JUNIN,ALSINA 165  ,Junín,2364440270,SUBCOMISARIO DIAZ EDUARDO SEBASTIAN
"POINT (-61.02996904 -34.99962633)",Comisaría de la mujer,Ministerio de Seguridad,CRIA.MUJER Y FLIA.G.VIAMONTE,ESPANA Y BOLIVAR (ESPAÑA 479),General Viamonte,2358444657,SUBCOMISARIO BENITEZ SANDRA GISELA
"POINT (-61.09296577 -33.90196346)",Comisaría de la mujer,Ministerio de Seguridad,CRIA.MUJER Y FLIA.COLON,21 Y 56,Colón,2473431503,SUBCOMISARIO SOSA LAURA DANIELA
"POINT (-61.10861274 -36.2244348)",Comisaría de la mujer,Ministerio de Seguridad,CRIA.MUJER Y FLIA.BOLIVAR,ALTE BROWN 636,Bolivar,0231-4424368,
"POINT (-61.24694962 -38.98342182)",Comisaría de la mujer,Ministerio de Seguridad,CRIA.MUJER Y FLIA.M. HERMOSO,SAN MARTIN N° 310,Monte Hermoso,02921-482648,COMISARIO PICHINAO CARLOS HORACIO
"POINT (-61.30578263 -34.3052561)",Comisaría de la mujer,Ministerio de Seguridad,CRIA.MUJER Y FLIA.G.ARENALES,RIVADAVIA 142 (validar geograficamente),General Arenales,,COMISARIO PRESSUTTI DANIELA ALEJANDRA
"POINT (-61.36369159 -35.62252981)",Comisaría de la mujer,Ministerio de Seguridad,CRIA.MUJER Y FLIA.C.CASARES,HIPOLITO YRIGOYEN 286,Carlos Casares,2395450773,COMISARIO HERRERA DANIELA MARISOL
"POINT (-61.52267586 -34.87093282)",Comisaría de la mujer,Ministerio de Seguridad,NULL,ALVEAR 516,Lincoln,02355-4234004,
"POINT (-61.896629 -35.815001)",Comisaría de la mujer,Ministerio de Seguridad,CRIA.MUJER Y FLIA.PEHUAJO,RIVAROLA 148,Pehuajó,,COMISARIO ORONA MARIA PATRICIA
"POINT (-61.93041501 -37.45724538)",Comisaría de la mujer,Ministerio de Seguridad,CRIA.MUJER Y FLIA.CNEL.SUAREZ,LAVALLE 242,Coronel Suárez,02926 422116,SUBCOMISARIO CELIS CESAR WALDEMAR
"POINT (-61.941316 -37.06530873)",Comisaría de la mujer,Ministerio de Seguridad,CRIA.MUJER Y FLIA.HUANGUELEN,9 E/ 34 Y 35,Coronel Suárez,2933432037,
"POINT (-62.07035038 -38.87715088)",Comisaría de la mujer,Ministerio de Seguridad,CRIA.MUJER Y FLIA.CNEL.ROSALES,AVELLANEDA 622,Coronel Rosales,02932-423933,SUBCOMISARIO SANTILLAN PAOLA ANALIA
"POINT (-62.22406111 -38.10199432)",Comisaría de la mujer,Ministerio de Seguridad,CRIA.MUJER Y FLIA.TORNQUIST,GRAL PAZ 51,Tornquist,0291-4940028,SUBCOMISARIO STEINGRUBER CARINA ROSANA
"POINT (-62.263354 -38.727196)",Comisaría de la mujer,Ministerio de Seguridad,CRIA.MUJER Y FLIA.B.BLANCA,BERUTTI 650,Bahía Blanca,2914558762,COMISARIO FRANCISCO SILVIA NOEMI
"POINT (-62.4028464 -37.60089894)",Comisaría de la mujer,Ministerio de Seguridad,CRIA.MUJER Y FLIA.SAAVED-PIGUE,MORENO 402,Saavedra,2923404343,SUBCOMISARIO CONTER VALERIA SILVANA
"POINT (-62.41606449 -37.02093464)",Comisaría de la mujer,Ministerio de Seguridad,CRIA.MUJER Y FLIA.GUAMINI,PEREYRA ENTRE FORTINES Y GUTIERREZ,Guaminí,02929430182/187,COMISARIO ACOSTA YANINA ANABELLA
"POINT (-62.41626497 -35.38958097)",Comisaría de la mujer,Ministerio de Seguridad,CRIA.MUJER Y FLIA.C.TEJEDOR,HIPOLITO YRIGOYEN 169,Carlos Tejedor,02357421020/420425,COMISARIO BRICCOLA MARIA LELIA
"POINT (-62.46481452 -34.84564813)",Comisaría de la mujer,Ministerio de Seguridad,CRIA.MUJER Y FLIA.F.AMEGUINO,24 Y 5,Florentino Ameghino,3388470044,SUBCOMISARIO CIONCHI DANIELA LILIAN
"POINT (-62.68742883 -38.83117013)",Comisaría de la mujer,Ministerio de Seguridad,CRIA.MUJER Y FLIA.VILLARINO,COUSTE 720,Villarino,0291 4917958,SUBCOMISARIO UTRERO RAUL JOSE
"POINT (-62.744679 -35.977392)",Comisaría de la mujer,Ministerio de Seguridad,CRIA.MUJER Y FLIA.T.LAUQUEN,ESTRADA Y 9 DE JULIO,Trenque Lauquen,,SUBCOMISARIO BELDRIO SANDRA EVANGELINA
"POINT (-62.7529676 -37.17321312)",Comisaría de la mujer,Ministerio de Seguridad,CRIA.MUJER Y FLIA.A.ALSINA,GRAL SAVIO E/ SAN MARTIN Y RIVADAVIA,Adolfo Alsina,2936430999,SUBCOMISARIO PERDIGON LUIS MARIA
"POINT (-62.85778263 -36.46159143)",Comisaría de la mujer,Ministerio de Seguridad,CRIA.MUJER Y FLIA.TRES LOMAS,SAAVEDRA Y HIPOLITO IRIGOYEN,Tres Lomas,02394 421016/049,SUBCOMISARIO RAMIREZ CARLA LORENA
"POINT (-62.95909645 -36.75189473)",Comisaría de la mujer,Ministerio de Seguridad,CRIA.MUJER Y FLIA.SALLIQUELO,9 DE JULIO 370,Salliqueló,2394480611,SUBCOMISARIO MARTINEZ ELEANDRO EZEQUIEL
"POINT (-62.98578112 -35.48807458)",Comisaría de la mujer,Ministerio de Seguridad,NULL,INDEPENDENCIA Y AVECILLA,Rivadavia,2337405700,
"POINT (-63.01533238 -35.03503626)",Comisaría de la mujer,Ministerio de Seguridad,CRIA.MUJER Y FLIA.G.VILLEGAS,SAN MARTIN 472,General Villegas,03388 428004/2574 (fax),SUBCOMISARIO RODRIGUEZ JUAN CARLOS JOSE
"POINT (-63.16321264 -37.69257694)",Comisaría de la mujer,Ministerio de Seguridad,CRIA.MUJER Y FLIA.PUAN,ITALIA 388,Puan,2924410004,SUBCOMISARIO GONZALEZ MARIANO RODRIGO
"POINT (-63.1648212 -36.26875838)",Comisaría de la mujer,Ministerio de Seguridad,CRIA.MUJER Y FLIA.C.PELLEGRINI,JULIO A ROCA 154,Pellegrini,02392498220 / 187,COMISARIO PEREZ JAVIER ALEJANDRO
